,Deciles,Sales_in_thousands,pred_sales
9,9,166.44686399999998,181.2266587534168
8,8,87.00840000000001,65.06098516234294
7,7,49.1234,46.85892950067587
6,6,66.8125,38.564220525422535
5,5,57.85979999999999,28.498484078390867
4,4,26.2562,24.122752494166434
3,3,57.33525,22.092100969595485
2,2,28.0208,18.543822462006233
1,1,14.056000000000001,8.864319695437
0,0,9.537600000000001,4.561009353533953
