,Deciles,Sales_in_thousands,pred_sales
9,9,141.99984727272727,128.94742041402318
8,8,78.53809090909091,61.10909467883546
7,7,51.84727272727273,41.449709510138334
6,6,64.72827272727272,33.946829775421314
5,5,45.499300000000005,29.85540290818806
4,4,27.94245454545455,25.327021068716817
3,3,36.464818181818174,21.889067981310085
2,2,16.683818181818182,17.69499885556815
1,1,19.892,12.845929127347766
0,0,5.75796,5.626766421342728
